List of PGPA Act Commonwealth entities and companies,,,
Updated as of 2 February 2026,,,
,,,
,No. of Commonwealth Entities & Companies,195 ,
,,,
Title,Portfolio,Type of Body,Materiality
Australian Fisheries Management Authority,"Agriculture, Fisheries and Forestry",A. Non-corporate Commonwealth Entity,Small
"Department of Agriculture, Fisheries and Forestry","Agriculture, Fisheries and Forestry",A. Non-corporate Commonwealth Entity,Material
Australian Pesticides and Veterinary Medicines Authority,"Agriculture, Fisheries and Forestry",B. Corporate Commonwealth Entity,Small
Cotton Research and Development Corporation,"Agriculture, Fisheries and Forestry",B. Corporate Commonwealth Entity,Small
Fisheries Research and Development Corporation,"Agriculture, Fisheries and Forestry",B. Corporate Commonwealth Entity,Small
Grains Research and Development Corporation,"Agriculture, Fisheries and Forestry",B. Corporate Commonwealth Entity,Small
Regional Investment Corporation,"Agriculture, Fisheries and Forestry",B. Corporate Commonwealth Entity,Small
Rural Industries Research and Development Corporation (trading as AgriFutures Australia),"Agriculture, Fisheries and Forestry",B. Corporate Commonwealth Entity,Small
Wine Australia,"Agriculture, Fisheries and Forestry",B. Corporate Commonwealth Entity,Small
Administrative Review Tribunal,Attorney-General's,A. Non-corporate Commonwealth Entity,Small
Attorney-General's Department,Attorney-General's,A. Non-corporate Commonwealth Entity,Material
Australian Law Reform Commission,Attorney-General's,A. Non-corporate Commonwealth Entity,Small
Federal Court of Australia,Attorney-General's,A. Non-corporate Commonwealth Entity,Small
National Anti-Corruption Commission,Attorney-General's,A. Non-corporate Commonwealth Entity,Small
Office of Parliamentary Counsel,Attorney-General's,A. Non-corporate Commonwealth Entity,Small
Office of the Australian Information Commissioner,Attorney-General's,A. Non-corporate Commonwealth Entity,Small
Office of the Commonwealth Ombudsman,Attorney-General's,A. Non-corporate Commonwealth Entity,Small
Office of the Director of Public Prosecutions,Attorney-General's,A. Non-corporate Commonwealth Entity,Small
Office of the Inspector-General of Intelligence and Security,Attorney-General's,A. Non-corporate Commonwealth Entity,Small
Office of the Special Investigator,Attorney-General's,A. Non-corporate Commonwealth Entity,Small
Australian Human Rights Commission,Attorney-General's,B. Corporate Commonwealth Entity,Small
Bureau of Meteorology,"Climate Change, Energy, the Environment and Water",A. Non-corporate Commonwealth Entity,Material
Clean Energy Regulator,"Climate Change, Energy, the Environment and Water",A. Non-corporate Commonwealth Entity,Material
Climate Change Authority,"Climate Change, Energy, the Environment and Water",A. Non-corporate Commonwealth Entity,Small
"Department of Climate Change, Energy, the Environment and Water","Climate Change, Energy, the Environment and Water",A. Non-corporate Commonwealth Entity,Material
Great Barrier Reef Marine Park Authority,"Climate Change, Energy, the Environment and Water",A. Non-corporate Commonwealth Entity,Small
Australian Institute of Marine Science,"Climate Change, Energy, the Environment and Water",B. Corporate Commonwealth Entity,Small
Australian Renewable Energy Agency,"Climate Change, Energy, the Environment and Water",B. Corporate Commonwealth Entity,Small
Clean Energy Finance Corporation,"Climate Change, Energy, the Environment and Water",B. Corporate Commonwealth Entity,Material
Director of National Parks,"Climate Change, Energy, the Environment and Water",B. Corporate Commonwealth Entity,Small
Murray-Darling Basin Authority,"Climate Change, Energy, the Environment and Water",B. Corporate Commonwealth Entity,Small
Sydney Harbour Federation Trust,"Climate Change, Energy, the Environment and Water",B. Corporate Commonwealth Entity,Small
Snowy Hydro Ltd,"Climate Change, Energy, the Environment and Water",C. Commonwealth Company,Material
Australian Signals Directorate,Defence,A. Non-corporate Commonwealth Entity,Material
Australian Submarine Agency,Defence,A. Non-corporate Commonwealth Entity,Small
Department of Defence,Defence,A. Non-corporate Commonwealth Entity,Material
Army and Air Force Canteen Service,Defence,B. Corporate Commonwealth Entity,Small
Australian Military Forces Relief Trust Fund,Defence,B. Corporate Commonwealth Entity,Small
Defence Housing Australia,Defence,B. Corporate Commonwealth Entity,Material
Royal Australian Air Force Veterans' Residences Trust Fund,Defence,B. Corporate Commonwealth Entity,Small
Royal Australian Air Force Welfare Trust Fund,Defence,B. Corporate Commonwealth Entity,Small
Royal Australian Navy Central Canteens Board (Royal Australian Navy Central Canteens Fund),Defence,B. Corporate Commonwealth Entity,Small
Royal Australian Navy Relief Trust Fund,Defence,B. Corporate Commonwealth Entity,Small
AAF Company (Trustee of Army Amenities Fund and Messes Trust Fund),Defence,C. Commonwealth Company,Small
Australian Strategic Policy Institute Limited,Defence,C. Commonwealth Company,Small
RAAF Welfare Recreational Company,Defence,C. Commonwealth Company,Small
Defence and Veterans' Services Commission,Defence,A. Non-corporate Commonwealth Entity,Small
Australian Research Council,Education,A. Non-corporate Commonwealth Entity,Material
Department of Education,Education,A. Non-corporate Commonwealth Entity,Material
Tertiary Education Quality and Standards Agency,Education,A. Non-corporate Commonwealth Entity,Small
"Australian Curriculum, Assessment and Reporting Authority",Education,B. Corporate Commonwealth Entity,Small
Australian National University,Education,B. Corporate Commonwealth Entity,Small
Australian Institute for Teaching and School Leadership Limited,Education,C. Commonwealth Company,Small
Asbestos and Silica Safety and Eradication Agency,Employment and Workplace Relations,A. Non-corporate Commonwealth Entity,Small
Australian Skills Quality Authority (National Vocational Education and Training Regulator),Employment and Workplace Relations,A. Non-corporate Commonwealth Entity,Small
Department of Employment and Workplace Relations,Employment and Workplace Relations,A. Non-corporate Commonwealth Entity,Material
Fair Work Commission,Employment and Workplace Relations,A. Non-corporate Commonwealth Entity,Small
Office of the Fair Work Ombudsman,Employment and Workplace Relations,A. Non-corporate Commonwealth Entity,Small
Safe Work Australia,Employment and Workplace Relations,A. Non-corporate Commonwealth Entity,Small
"Seafarers Safety, Rehabilitation and Compensation Authority",Employment and Workplace Relations,A. Non-corporate Commonwealth Entity,Small
Coal Mining Industry (Long Service Leave Funding) Corporation,Employment and Workplace Relations,B. Corporate Commonwealth Entity,Material
Comcare,Employment and Workplace Relations,B. Corporate Commonwealth Entity,Material
Australian Electoral Commission,Finance,A. Non-corporate Commonwealth Entity,Small
Department of Finance,Finance,A. Non-corporate Commonwealth Entity,Material
Digital Transformation Agency,Finance,A. Non-corporate Commonwealth Entity,Small
Future Fund Management Agency,Finance,A. Non-corporate Commonwealth Entity,Material
Independent Parliamentary Expenses Authority,Finance,A. Non-corporate Commonwealth Entity,Small
Parliamentary Workplace Support Service,Finance,A. Non-corporate Commonwealth Entity,Small
Commonwealth Superannuation Corporation,Finance,B. Corporate Commonwealth Entity,Small
ASC Pty Ltd,Finance,C. Commonwealth Company,Material
Australian Naval Infrastructure Pty Ltd,Finance,C. Commonwealth Company,Material
CEA Technologies Pty Limited,Finance,C. Commonwealth Company,Material
Services Australia,Finance,A. Non-corporate Commonwealth Entity,Material
Australian Naval Nuclear Power Safety Regulator,Defence,A. Non-corporate Commonwealth Entity,Small
Australian Centre for International Agricultural Research,Foreign Affairs and Trade,A. Non-corporate Commonwealth Entity,Small
Australian Secret Intelligence Service,Foreign Affairs and Trade,A. Non-corporate Commonwealth Entity,Small
Australian Trade and Investment Commission (Austrade),Foreign Affairs and Trade,A. Non-corporate Commonwealth Entity,Small
Department of Foreign Affairs and Trade,Foreign Affairs and Trade,A. Non-corporate Commonwealth Entity,Material
Export Finance Australia (EFA),Foreign Affairs and Trade,B. Corporate Commonwealth Entity,Material
Tourism Australia,Foreign Affairs and Trade,B. Corporate Commonwealth Entity,Small
Aged Care Quality and Safety Commission,"Health, Disability and Ageing",A. Non-corporate Commonwealth Entity,Small
Australian Centre for Disease Control,"Health, Disability and Ageing",A. Non-corporate Commonwealth Entity,Small
Australian Radiation Protection and Nuclear Safety Agency,"Health, Disability and Ageing",A. Non-corporate Commonwealth Entity,Small
Cancer Australia,"Health, Disability and Ageing",A. Non-corporate Commonwealth Entity,Small
"Department of Health, Disability and Ageing","Health, Disability and Ageing",A. Non-corporate Commonwealth Entity,Material
National Blood Authority,"Health, Disability and Ageing",A. Non-corporate Commonwealth Entity,Material
National Health and Medical Research Council,"Health, Disability and Ageing",A. Non-corporate Commonwealth Entity,Material
National Health Funding Body,"Health, Disability and Ageing",A. Non-corporate Commonwealth Entity,Small
NDIS Quality and Safeguards Commission,"Health, Disability and Ageing",A. Non-corporate Commonwealth Entity,Small
Office of the Inspector-General of Aged Care,"Health, Disability and Ageing",A. Non-corporate Commonwealth Entity,Small
Organ and Tissue Authority,"Health, Disability and Ageing",A. Non-corporate Commonwealth Entity,Small
Professional Services Review,"Health, Disability and Ageing",A. Non-corporate Commonwealth Entity,Small
Australian Commission on Safety and Quality in Health Care,"Health, Disability and Ageing",B. Corporate Commonwealth Entity,Small
Australian Digital Health Agency,"Health, Disability and Ageing",B. Corporate Commonwealth Entity,Small
Australian Hearing Services (Hearing Australia),"Health, Disability and Ageing",B. Corporate Commonwealth Entity,Material
Australian Institute of Health and Welfare,"Health, Disability and Ageing",B. Corporate Commonwealth Entity,Small
Food Standards Australia New Zealand,"Health, Disability and Ageing",B. Corporate Commonwealth Entity,Small
Independent Health and Aged Care Pricing Authority,"Health, Disability and Ageing",B. Corporate Commonwealth Entity,Small
National Disability Insurance Agency,"Health, Disability and Ageing",B. Corporate Commonwealth Entity,Material
Australian Criminal Intelligence Commission,Home Affairs,A. Non-corporate Commonwealth Entity,Small
Australian Federal Police,Home Affairs,A. Non-corporate Commonwealth Entity,Material
Australian Institute of Criminology,Home Affairs,A. Non-corporate Commonwealth Entity,Small
Australian Security Intelligence Organisation,Home Affairs,A. Non-corporate Commonwealth Entity,Material
Australian Transaction Reports and Analysis Centre,Home Affairs,A. Non-corporate Commonwealth Entity,Small
Department of Home Affairs,Home Affairs,A. Non-corporate Commonwealth Entity,Material
National Emergency Management Agency,Home Affairs,A. Non-corporate Commonwealth Entity,Small
"Department of Industry, Science and Resources","Industry, Science and Resources",A. Non-corporate Commonwealth Entity,Material
Geoscience Australia,"Industry, Science and Resources",A. Non-corporate Commonwealth Entity,Material
IP Australia,"Industry, Science and Resources",A. Non-corporate Commonwealth Entity,Small
Net Zero Economy Authority,"Industry, Science and Resources",A. Non-corporate Commonwealth Entity,Small
Australian Nuclear Science and Technology Organisation,"Industry, Science and Resources",B. Corporate Commonwealth Entity,Material
Commonwealth Scientific and Industrial Research Organisation,"Industry, Science and Resources",B. Corporate Commonwealth Entity,Material
National Offshore Petroleum Safety and Environmental Management Authority,"Industry, Science and Resources",B. Corporate Commonwealth Entity,Small
National Reconstruction Fund Corporation,"Industry, Science and Resources",B. Corporate Commonwealth Entity,Material
Australian Communications and Media Authority,"Infrastructure, Transport, Regional Development, Communications, Sport and the Arts",A. Non-corporate Commonwealth Entity,Material
Australian Transport Safety Bureau,"Infrastructure, Transport, Regional Development, Communications, Sport and the Arts",A. Non-corporate Commonwealth Entity,Small
"Department of Infrastructure, Transport, Regional Development, Communications, Sport and the Arts","Infrastructure, Transport, Regional Development, Communications, Sport and the Arts",A. Non-corporate Commonwealth Entity,Material
National Archives of Australia,"Infrastructure, Transport, Regional Development, Communications, Sport and the Arts",A. Non-corporate Commonwealth Entity,Material
National Capital Authority,"Infrastructure, Transport, Regional Development, Communications, Sport and the Arts",A. Non-corporate Commonwealth Entity,Material
Sport Integrity Australia,"Infrastructure, Transport, Regional Development, Communications, Sport and the Arts",A. Non-corporate Commonwealth Entity,Small
Airservices Australia,"Infrastructure, Transport, Regional Development, Communications, Sport and the Arts",B. Corporate Commonwealth Entity,Material
Australian Broadcasting Corporation,"Infrastructure, Transport, Regional Development, Communications, Sport and the Arts",B. Corporate Commonwealth Entity,Material
"Australian Film, Television and Radio School","Infrastructure, Transport, Regional Development, Communications, Sport and the Arts",B. Corporate Commonwealth Entity,Small
Australian Maritime Safety Authority,"Infrastructure, Transport, Regional Development, Communications, Sport and the Arts",B. Corporate Commonwealth Entity,Small
Australian National Maritime Museum,"Infrastructure, Transport, Regional Development, Communications, Sport and the Arts",B. Corporate Commonwealth Entity,Small
Australian Postal Corporation,"Infrastructure, Transport, Regional Development, Communications, Sport and the Arts",B. Corporate Commonwealth Entity,Material
Australian Sports Commission,"Infrastructure, Transport, Regional Development, Communications, Sport and the Arts",B. Corporate Commonwealth Entity,Small
Civil Aviation Safety Authority,"Infrastructure, Transport, Regional Development, Communications, Sport and the Arts",B. Corporate Commonwealth Entity,Small
Creative Australia,"Infrastructure, Transport, Regional Development, Communications, Sport and the Arts",B. Corporate Commonwealth Entity,Small
High Speed Rail Authority,"Infrastructure, Transport, Regional Development, Communications, Sport and the Arts",B. Corporate Commonwealth Entity,Small
Infrastructure Australia,"Infrastructure, Transport, Regional Development, Communications, Sport and the Arts",B. Corporate Commonwealth Entity,Small
National Film and Sound Archive of Australia,"Infrastructure, Transport, Regional Development, Communications, Sport and the Arts",B. Corporate Commonwealth Entity,Small
National Gallery of Australia,"Infrastructure, Transport, Regional Development, Communications, Sport and the Arts",B. Corporate Commonwealth Entity,Material
National Library of Australia,"Infrastructure, Transport, Regional Development, Communications, Sport and the Arts",B. Corporate Commonwealth Entity,Material
National Museum of Australia,"Infrastructure, Transport, Regional Development, Communications, Sport and the Arts",B. Corporate Commonwealth Entity,Small
National Portrait Gallery of Australia,"Infrastructure, Transport, Regional Development, Communications, Sport and the Arts",B. Corporate Commonwealth Entity,Small
National Transport Commission,"Infrastructure, Transport, Regional Development, Communications, Sport and the Arts",B. Corporate Commonwealth Entity,Small
Northern Australia Infrastructure Facility,"Infrastructure, Transport, Regional Development, Communications, Sport and the Arts",B. Corporate Commonwealth Entity,Small
Old Parliament House,"Infrastructure, Transport, Regional Development, Communications, Sport and the Arts",B. Corporate Commonwealth Entity,Small
Screen Australia,"Infrastructure, Transport, Regional Development, Communications, Sport and the Arts",B. Corporate Commonwealth Entity,Small
Special Broadcasting Service Corporation,"Infrastructure, Transport, Regional Development, Communications, Sport and the Arts",B. Corporate Commonwealth Entity,Small
Australian Rail Track Corporation Limited,"Infrastructure, Transport, Regional Development, Communications, Sport and the Arts",C. Commonwealth Company,Material
Australian Sports Foundation Limited,"Infrastructure, Transport, Regional Development, Communications, Sport and the Arts",C. Commonwealth Company,Small
Bundanon Trust,"Infrastructure, Transport, Regional Development, Communications, Sport and the Arts",C. Commonwealth Company,Small
National Intermodal Corporation Limited,"Infrastructure, Transport, Regional Development, Communications, Sport and the Arts",C. Commonwealth Company,Material
NBN Co Limited,"Infrastructure, Transport, Regional Development, Communications, Sport and the Arts",C. Commonwealth Company,Material
WSA Co Limited,"Infrastructure, Transport, Regional Development, Communications, Sport and the Arts",C. Commonwealth Company,Material
Department of Parliamentary Services,Parliamentary Departments,A. Non-corporate Commonwealth Entity,Material
Department of the House of Representatives,Parliamentary Departments,A. Non-corporate Commonwealth Entity,Small
Department of the Senate,Parliamentary Departments,A. Non-corporate Commonwealth Entity,Small
Parliamentary Budget Office,Parliamentary Departments,A. Non-corporate Commonwealth Entity,Small
Australian National Audit Office,Prime Minister and Cabinet,A. Non-corporate Commonwealth Entity,Small
Australian Public Service Commission,Prime Minister and Cabinet,A. Non-corporate Commonwealth Entity,Small
Department of the Prime Minister and Cabinet,Prime Minister and Cabinet,A. Non-corporate Commonwealth Entity,Material
National Indigenous Australians Agency,Prime Minister and Cabinet,A. Non-corporate Commonwealth Entity,Material
Office of National Intelligence,Prime Minister and Cabinet,A. Non-corporate Commonwealth Entity,Small
Office of the Official Secretary to the Governor-General,Prime Minister and Cabinet,A. Non-corporate Commonwealth Entity,Small
Workplace Gender Equality Agency,Prime Minister and Cabinet,A. Non-corporate Commonwealth Entity,Small
Anindilyakwa Land Council,Prime Minister and Cabinet,B. Corporate Commonwealth Entity,Small
Australian Institute of Aboriginal and Torres Strait Islander Studies,Prime Minister and Cabinet,B. Corporate Commonwealth Entity,Small
Central Land Council,Prime Minister and Cabinet,B. Corporate Commonwealth Entity,Small
Indigenous Business Australia,Prime Minister and Cabinet,B. Corporate Commonwealth Entity,Material
Indigenous Land and Sea Corporation,Prime Minister and Cabinet,B. Corporate Commonwealth Entity,Small
Northern Land Council,Prime Minister and Cabinet,B. Corporate Commonwealth Entity,Small
Northern Territory Aboriginal Investment Corporation (Aboriginal Investment NT),Prime Minister and Cabinet,B. Corporate Commonwealth Entity,Small
Tiwi Land Council,Prime Minister and Cabinet,B. Corporate Commonwealth Entity,Small
Torres Strait Regional Authority,Prime Minister and Cabinet,B. Corporate Commonwealth Entity,Small
Wreck Bay Aboriginal Community Council,Prime Minister and Cabinet,B. Corporate Commonwealth Entity,Small
Aboriginal Hostels Limited,Prime Minister and Cabinet,C. Commonwealth Company,Small
National Australia Day Council Limited,Prime Minister and Cabinet,C. Commonwealth Company,Small
Outback Stores Pty Ltd,Prime Minister and Cabinet,C. Commonwealth Company,Small
Australian Institute of Family Studies,Social Services,A. Non-corporate Commonwealth Entity,Small
Department of Social Services,Social Services,A. Non-corporate Commonwealth Entity,Material
"Domestic, Family and Sexual Violence Commission",Social Services,A. Non-corporate Commonwealth Entity,Small
National Commission for Aboriginal and Torres Strait Islander Children and Young People,Social Services,A. Non-corporate Commonwealth Entity,Small
Australian Bureau of Statistics,Treasury,A. Non-corporate Commonwealth Entity,Material
Australian Competition and Consumer Commission,Treasury,A. Non-corporate Commonwealth Entity,Small
Australian Financial Security Authority,Treasury,A. Non-corporate Commonwealth Entity,Small
Australian Office of Financial Management,Treasury,A. Non-corporate Commonwealth Entity,Material
Australian Prudential Regulation Authority,Treasury,A. Non-corporate Commonwealth Entity,Material
Australian Securities and Investments Commission,Treasury,A. Non-corporate Commonwealth Entity,Material
Australian Taxation Office,Treasury,A. Non-corporate Commonwealth Entity,Material
Commonwealth Grants Commission,Treasury,A. Non-corporate Commonwealth Entity,Small
Department of the Treasury,Treasury,A. Non-corporate Commonwealth Entity,Material
Inspector-General of Taxation,Treasury,A. Non-corporate Commonwealth Entity,Small
National Competition Council,Treasury,A. Non-corporate Commonwealth Entity,Small
Office of the Auditing and Assurance Standards Board,Treasury,A. Non-corporate Commonwealth Entity,Small
Office of the Australian Accounting Standards Board,Treasury,A. Non-corporate Commonwealth Entity,Small
Productivity Commission,Treasury,A. Non-corporate Commonwealth Entity,Small
Royal Australian Mint,Treasury,A. Non-corporate Commonwealth Entity,Small
Australian Reinsurance Pool Corporation,Treasury,B. Corporate Commonwealth Entity,Material
Housing Australia,Treasury,B. Corporate Commonwealth Entity,Material
Reserve Bank of Australia,Treasury,B. Corporate Commonwealth Entity,Material
Department of Veterans' Affairs,Veterans' Affairs (part of the Defence Portfolio),A. Non-corporate Commonwealth Entity,Material
Australian War Memorial,Veterans' Affairs (part of the Defence Portfolio),B. Corporate Commonwealth Entity,Material